{"cameraMode":{"drawMode":0,"name":"Shaded","section":"Shading Mode"},"sceneLighting":false,"audioPlay":false,"sceneViewState":{"m_AlwaysRefresh":false,"showFog":true,"showSkybox":false,"showFlares":true,"showImageEffects":true,"showParticleSystems":true,"showVisualEffectGraphs":true,"m_FxEnabled":true},"in2DMode":false,"pivot":{"x":2.2208027839660646,"y":0.7375675439834595,"z":-164.6695556640625},"rotation":{"x":0.041051339358091357,"y":0.041931334882974628,"z":-0.0017577819526195527,"w":0.9983174800872803},"size":1.0420293807983399,"orthographic":false}